ET_dice,ET_hd95,TC_dice,TC_hd95,WT_dice,WT_hd95,case,fold,gt_ET_vox,gt_TC_vox,gt_WT_vox,mean_dice,mean_hd95,pred_ET_vox,pred_TC_vox,pred_WT_vox,trainer
0.8558727987690203,1.0,0.9123934609473243,1.0,0.7715008044127787,4.58257569495584,BraTS20_Training_003.nii.gz,3,2998,3731,29807,0.8465890213763745,2.1941918983186133,2851,3426,35458,nnUNetTrainerUMambaEnc_150epochs
0.8989422294548414,1.0,0.9335385922072407,11.013608305156145,0.9205958516011589,2.0,BraTS20_Training_007.nii.gz,3,6159,9557,39772,0.9176922244210803,4.671202768385382,6131,9281,38234,nnUNetTrainerUMambaEnc_150epochs
0.8448441368160461,1.0,0.9169340337763988,3.0,0.9078427706760768,3.1622776601683795,BraTS20_Training_014.nii.gz,3,18255,27568,80396,0.8898736470895072,2.3874258867227933,21331,29158,90768,nnUNetTrainerUMambaEnc_150epochs
0.9058566409383905,1.0,0.9666852782430672,1.0,0.9252516233233319,2.0,BraTS20_Training_025.nii.gz,3,17433,36909,73437,0.9325978475015965,1.3333333333333333,18714,38313,78874,nnUNetTrainerUMambaEnc_150epochs
0.9235947492426793,1.0,0.9527139385153285,1.0,0.9578897070535047,1.0,BraTS20_Training_033.nii.gz,3,16009,24355,122656,0.9447327982705042,1.0,16672,22551,122201,nnUNetTrainerUMambaEnc_150epochs
0.8743029527379103,1.0,0.9486807945420516,1.0,0.9190851863963375,1.7320508075688772,BraTS20_Training_052.nii.gz,3,10897,16886,45951,0.9140229778920997,1.2440169358562925,10981,16240,51905,nnUNetTrainerUMambaEnc_150epochs
0.9062723224463122,1.0,0.9611510237100098,1.4142135623730951,0.9411139228270289,2.0,BraTS20_Training_062.nii.gz,3,30143,50151,142132,0.936179089661117,1.4714045207910318,35654,53687,147529,nnUNetTrainerUMambaEnc_150epochs
0.8349392062399633,1.0,0.9267865824015556,1.4142135623730951,0.9475608500120155,1.4142135623730951,BraTS20_Training_066.nii.gz,3,8665,15461,59246,0.9030955462178448,1.2761423749153968,8771,15394,57270,nnUNetTrainerUMambaEnc_150epochs
0.7621206482389958,1.4142135623730951,0.8603472022521227,3.3166247903554,0.9207573880729074,2.23606797749979,BraTS20_Training_070.nii.gz,3,12743,35286,57830,0.8477417461880087,2.322302110076095,16814,30785,55190,nnUNetTrainerUMambaEnc_150epochs
0.665905457867093,3.605551275463989,0.8725007244277021,1.4142135623730951,0.8467874794069192,2.449489742783178,BraTS20_Training_079.nii.gz,3,1470,3609,7285,0.7950645539005714,2.4897515268734205,2909,3293,5462,nnUNetTrainerUMambaEnc_150epochs
0.8497416974169741,1.4142135623730951,0.8472926384100589,3.1622776601683795,0.8993635189925027,2.23606797749979,BraTS20_Training_080.nii.gz,3,6688,10560,43464,0.8654659516065119,2.2708530666804214,6862,9164,44834,nnUNetTrainerUMambaEnc_150epochs
0.7141313954630266,2.8284271247461903,0.9014066817382567,1.7320508075688772,0.9050882658359294,2.0,BraTS20_Training_085.nii.gz,3,3691,7813,36221,0.8402087810124043,2.186825977438356,6492,8111,36004,nnUNetTrainerUMambaEnc_150epochs
0.3740122914837577,10.198039027185569,0.549468162611103,7.615773105863909,0.5982424399069527,9.899494936611665,BraTS20_Training_087.nii.gz,3,406,7516,26806,0.5072409646672711,9.23776902322038,733,6210,11884,nnUNetTrainerUMambaEnc_150epochs
0.8416129845716512,1.4142135623730951,0.9169464832258639,2.23606797749979,0.9735924023645702,1.0,BraTS20_Training_095.nii.gz,3,18549,33378,103768,0.9107172900540285,1.550093846624295,25072,33928,102612,nnUNetTrainerUMambaEnc_150epochs
0.9332552540828941,1.0,0.9741030138733854,1.0,0.9644214631256788,1.4142135623730951,BraTS20_Training_097.nii.gz,3,37193,61963,79531,0.9572599103606527,1.1380711874576983,39652,63457,82533,nnUNetTrainerUMambaEnc_150epochs
0.8331634386680258,8.48528137423857,0.7740308855972265,9.433981132056603,0.6133873568445859,9.433981132056603,BraTS20_Training_099.nii.gz,3,1238,1238,7513,0.7401938937032794,9.117747879450592,1705,1935,16674,nnUNetTrainerUMambaEnc_150epochs
0.9265209940017138,1.0,0.9692354553761803,1.0,0.9393923629174904,3.605551275463989,BraTS20_Training_103.nii.gz,3,37271,51228,58208,0.9450496040984615,1.8685170918213296,37417,50545,57124,nnUNetTrainerUMambaEnc_150epochs
0.8958801498127341,1.0,0.9113266366470385,1.0,0.7708458498023716,5.385164807134504,BraTS20_Training_110.nii.gz,3,2786,2872,15762,0.859350878754048,2.461721602378168,2554,2902,15863,nnUNetTrainerUMambaEnc_150epochs
0.9644665810439704,1.0,0.9848371533735134,1.0,0.9717370411081888,1.0,BraTS20_Training_112.nii.gz,3,48172,68462,170359,0.9736802585085576,1.0,47597,67924,177163,nnUNetTrainerUMambaEnc_150epochs
0.9297754189395057,1.0,0.9706031226881595,1.0,0.9681153388436201,1.0,BraTS20_Training_117.nii.gz,3,9819,12700,78134,0.9561646268237618,1.0,10530,12983,75639,nnUNetTrainerUMambaEnc_150epochs
0.9427731915489016,1.0,0.9707269330011566,1.0,0.9653068548869482,1.0,BraTS20_Training_122.nii.gz,3,3611,5674,16585,0.9596023264790021,1.0,3536,5565,16851,nnUNetTrainerUMambaEnc_150epochs
0.916163812907771,1.0,0.9167942083910308,2.449489742783178,0.930399899711671,3.3166247903554,BraTS20_Training_126.nii.gz,3,16152,19712,38000,0.921119307003491,2.2553715110461927,16495,21451,41770,nnUNetTrainerUMambaEnc_150epochs
0.9759466926702421,1.0,0.9787966512792426,1.0,0.9736052168512577,1.0,BraTS20_Training_127.nii.gz,3,6204,6360,43568,0.9761161869335808,1.0,6102,6421,43381,nnUNetTrainerUMambaEnc_150epochs
0.9098163701695214,2.23606797749979,0.9284130257168424,1.7320508075688772,0.9150940956387555,6.164414002968976,BraTS20_Training_132.nii.gz,3,21250,25664,173928,0.9177744971750398,3.377510929345881,24113,25742,174069,nnUNetTrainerUMambaEnc_150epochs
0.910099024589252,1.0,0.9521443802070739,1.7320508075688772,0.9540033063475215,1.4142135623730951,BraTS20_Training_140.nii.gz,3,26264,46495,137301,0.9387489037146158,1.3820881233139908,27662,44487,133088,nnUNetTrainerUMambaEnc_150epochs
0.9298264166905866,1.0,0.9753692222993513,1.0,0.9657766990291262,1.0,BraTS20_Training_154.nii.gz,3,32363,62211,94086,0.956990779339688,1.0,33830,63120,95434,nnUNetTrainerUMambaEnc_150epochs
0.9338660975775875,1.0,0.9596299559471365,1.4142135623730951,0.736625143829106,14.866068747318506,BraTS20_Training_164.nii.gz,3,43375,56563,125370,0.87670706578461,5.760094103230534,44719,56937,74520,nnUNetTrainerUMambaEnc_150epochs
0.8728111777091616,2.23606797749979,0.9248086756580528,4.123105625617661,0.9370460124928516,3.3166247903554,BraTS20_Training_168.nii.gz,3,74539,101553,163378,0.911555288620022,3.2252661311576167,74114,102420,153123,nnUNetTrainerUMambaEnc_150epochs
0.9071069429091039,1.0,0.9459949705239724,1.4142135623730951,0.9428557929054037,1.4142135623730951,BraTS20_Training_170.nii.gz,3,13224,25202,99859,0.9319859021128266,1.2761423749153968,14819,23312,90624,nnUNetTrainerUMambaEnc_150epochs
0.7661887462214704,3.0,0.815658966518488,7.874007874011811,0.9048657136075661,5.830951894845301,BraTS20_Training_171.nii.gz,3,16944,70168,146494,0.8289044754491748,5.56831992295237,19115,85500,127361,nnUNetTrainerUMambaEnc_150epochs
0.37186681631126073,10.246950765959598,0.39683505782105905,10.04987562112089,0.69157387991376,29.108413412703626,BraTS20_Training_177.nii.gz,3,1037,1241,12952,0.4867585846820266,16.468413266594705,1636,2045,20907,nnUNetTrainerUMambaEnc_150epochs
0.9462407757299205,1.0,0.9594450495900935,1.0,0.9319161050072323,2.449489742783178,BraTS20_Training_184.nii.gz,3,26938,42503,122929,0.9458673101090821,1.4831632475943926,29164,44712,137015,nnUNetTrainerUMambaEnc_150epochs
0.8419903888495338,2.0,0.9486642171833448,1.7320508075688772,0.8800816673755849,37.169879695378945,BraTS20_Training_193.nii.gz,3,29915,53790,130288,0.8902454244694878,13.633976834315941,22316,52627,163587,nnUNetTrainerUMambaEnc_150epochs
0.9264808925780197,1.0,0.9737580180226971,1.0,0.9538010643494357,1.7320508075688772,BraTS20_Training_194.nii.gz,3,38724,77990,99624,0.9513466583167175,1.2440169358562925,35488,76038,94861,nnUNetTrainerUMambaEnc_150epochs
0.8197579326136736,2.0,0.9228546850400091,2.8284271247461903,0.9329831847237491,2.23606797749979,BraTS20_Training_195.nii.gz,3,21184,32325,50735,0.891865267459144,2.35483170074866,15500,29286,47509,nnUNetTrainerUMambaEnc_150epochs
0.8972473208657281,1.4142135623730951,0.8834343829454332,1.4142135623730951,0.9358430937102956,2.23606797749979,BraTS20_Training_200.nii.gz,3,4539,4664,44798,0.9055082658404856,1.6881650340819934,4979,5562,48863,nnUNetTrainerUMambaEnc_150epochs
0.8929044436663672,1.4142135623730951,0.95685619140073,1.0,0.9596664246888224,1.0,BraTS20_Training_201.nii.gz,3,36248,42239,175302,0.9364756865853066,1.1380711874576983,29441,39140,163572,nnUNetTrainerUMambaEnc_150epochs
0.6983313384496234,2.449489742783178,0.8678589658934985,7.0710678118654755,0.9383019225106222,5.744562646538029,BraTS20_Training_212.nii.gz,3,27851,100041,184720,0.8348307422845813,5.088373400395561,43164,113496,195616,nnUNetTrainerUMambaEnc_150epochs
0.8829834091910146,2.0,0.8890370511477284,4.242640687119285,0.9224804184339952,9.848857801796104,BraTS20_Training_213.nii.gz,3,15114,19273,57168,0.8981669595909128,5.363832829638463,18941,22723,58119,nnUNetTrainerUMambaEnc_150epochs
0.8955798084516168,1.0,0.9327694830413394,2.23606797749979,0.9224363333029575,2.0,BraTS20_Training_215.nii.gz,3,25944,36002,66672,0.9169285415986379,1.74535599249993,23443,33520,75985,nnUNetTrainerUMambaEnc_150epochs
0.9326083374526281,1.0,0.9311764461263359,1.4142135623730951,0.8509584320482446,47.808471792296956,BraTS20_Training_217.nii.gz,3,8813,11879,21984,0.9049144052090695,16.74089511822335,9394,12168,24446,nnUNetTrainerUMambaEnc_150epochs
0.8672005387520862,1.4142135623730951,0.9383493574928353,2.23606797749979,0.9572731594005327,2.0,BraTS20_Training_218.nii.gz,3,61113,82517,111312,0.9209410185484848,1.8834271799576283,75499,90555,111686,nnUNetTrainerUMambaEnc_150epochs
0.8612680286944625,3.1622776601683795,0.9458890771824506,2.23606797749979,0.9688707527512981,1.4142135623730951,BraTS20_Training_225.nii.gz,3,111250,120221,206134,0.9253426195427371,2.2708530666804214,86837,109326,209488,nnUNetTrainerUMambaEnc_150epochs
0.9371269399124552,1.0,0.9296282930350054,1.0,0.9504550050556118,1.0,BraTS20_Training_233.nii.gz,3,2642,2702,16748,0.9390700793343575,1.0,2384,2840,16878,nnUNetTrainerUMambaEnc_150epochs
0.7793068809643395,14.26357935251478,0.9074853024377044,4.242640687119285,0.9317609744576036,2.23606797749979,BraTS20_Training_234.nii.gz,3,11994,109824,157749,0.8728510526198825,6.914096005711285,7916,93441,138621,nnUNetTrainerUMambaEnc_150epochs
0.8799913837206171,1.4142135623730951,0.9201223976421559,2.0,0.9579939500079605,3.0,BraTS20_Training_237.nii.gz,3,16998,26485,162397,0.9193692437902445,2.1380711874576983,20141,26784,151653,nnUNetTrainerUMambaEnc_150epochs
0.8436899820333312,2.23606797749979,0.8870620717101745,5.2339548995923435,0.8739898949650149,4.69041575982343,BraTS20_Training_242.nii.gz,3,27478,36247,54958,0.8682473162361736,4.053479545638521,37086,44160,70524,nnUNetTrainerUMambaEnc_150epochs
0.8021363173957273,45.4972526643093,0.8537165410109802,49.72926703662542,0.9382998542037907,2.0,BraTS20_Training_243.nii.gz,3,14523,20508,154118,0.8647175708701661,32.40883990031158,13001,19018,142186,nnUNetTrainerUMambaEnc_150epochs
0.7889553414747699,2.0,0.9353570317671737,2.449489742783178,0.952876597072853,1.4142135623730951,BraTS20_Training_244.nii.gz,3,26937,62554,149604,0.8923963234382655,1.9545677683854243,28909,62827,145154,nnUNetTrainerUMambaEnc_150epochs
0.8058826162868783,3.0,0.7373437939229767,9.643650760992955,0.9365465431961025,2.449489742783178,BraTS20_Training_246.nii.gz,3,26417,49349,70781,0.8265909844686525,5.031046834592044,18257,28913,63664,nnUNetTrainerUMambaEnc_150epochs
0.850760046772109,3.0,0.6090088190857665,9.848857801796104,0.8347964730967977,11.045361017187261,BraTS20_Training_260.nii.gz,3,17858,39137,49924,0.7648551129848911,7.964739606327789,14640,17785,54190,nnUNetTrainerUMambaEnc_150epochs
0.0,,0.9348268393533002,1.7320508075688772,0.9397735636323776,2.0,BraTS20_Training_265.nii.gz,3,0,43406,61746,0.624866800995226,1.8660254037844386,150,48012,65972,nnUNetTrainerUMambaEnc_150epochs
0.0,,0.8307708272081078,4.123105625617661,0.9422921985264854,1.7320508075688772,BraTS20_Training_266.nii.gz,3,0,28736,53274,0.5910210085781977,2.927578216593269,912,29085,49745,nnUNetTrainerUMambaEnc_150epochs
0.7752789955482677,5.830951894845301,0.7068592822831308,12.529964086141668,0.8914636556023608,7.280109889280518,BraTS20_Training_274.nii.gz,3,89546,182844,190251,0.7912006444779198,8.547008623422496,58037,100276,158950,nnUNetTrainerUMambaEnc_150epochs
0.0,,0.005017642679097472,28.178005607210743,0.9048825830381216,4.0,BraTS20_Training_278.nii.gz,3,0,59424,107864,0.30330007523907304,16.08900280360537,1732,2358,114293,nnUNetTrainerUMambaEnc_150epochs
0.794212603132847,2.0,0.793479450056526,5.0,0.966174936671137,1.4142135623730951,BraTS20_Training_282.nii.gz,3,6642,12609,85121,0.85128899662017,2.8047378541243653,10084,14812,89365,nnUNetTrainerUMambaEnc_150epochs
0.0,,0.6095628197798539,10.099504938362077,0.9666134833843186,2.0,BraTS20_Training_289.nii.gz,3,0,42264,191547,0.5253921010547242,6.049752469181039,1436,95917,195166,nnUNetTrainerUMambaEnc_150epochs
0.0,24.294002936447786,0.7185619611007682,9.643650760992955,0.9620978331852013,1.4142135623730951,BraTS20_Training_291.nii.gz,3,126,57282,218263,0.5602199314286564,11.783955753271279,49,100099,205908,nnUNetTrainerUMambaEnc_150epochs
0.614187157261631,12.14057120095705,0.8726188531285738,3.1622776601683795,0.9394676411763253,2.23606797749979,BraTS20_Training_292.nii.gz,3,3815,53829,77020,0.8087578838555101,5.8463056128750726,1838,68591,84976,nnUNetTrainerUMambaEnc_150epochs
0.5348066298342542,14.324796869502546,0.9425469633362841,2.23606797749979,0.9571271016874529,1.7320508075688772,BraTS20_Training_299.nii.gz,3,659,87769,111018,0.8114935649526637,6.097638551523738,246,96364,118381,nnUNetTrainerUMambaEnc_150epochs
0.0,,0.7628049280192313,18.439088914585774,0.9372732306014676,3.7416573867739413,BraTS20_Training_306.nii.gz,3,0,97103,180724,0.5666927195402329,11.090373150679858,141,85932,175089,nnUNetTrainerUMambaEnc_150epochs
0.8923611111111112,1.7320508075688772,0.6801602361374658,5.196152422706632,0.8646130256148146,3.1622776601683795,BraTS20_Training_314.nii.gz,3,2810,3497,27311,0.8123781242877972,3.3634936301479628,2950,5989,23558,nnUNetTrainerUMambaEnc_150epochs
0.7821229050279329,1.0,0.8831296035104216,2.23606797749979,0.9794990576759844,1.0,BraTS20_Training_315.nii.gz,3,109,22547,34226,0.8815838554047797,1.4120226591665965,70,28501,35283,nnUNetTrainerUMambaEnc_150epochs
0.3349536014140521,11.97491258634388,0.8904602060339486,5.385164807134504,0.9575450935475168,3.1622776601683795,BraTS20_Training_318.nii.gz,3,1855,159875,212186,0.7276529669985059,6.840785017882254,408,133863,210380,nnUNetTrainerUMambaEnc_150epochs
0.0,,0.891784529825307,4.358898943540674,0.9106100748272529,4.47213595499958,BraTS20_Training_323.nii.gz,3,4674,104710,232098,0.6007982015508533,4.415517449270126,0,111784,214798,nnUNetTrainerUMambaEnc_150epochs
0.0,29.802665738717423,0.6212379329926179,9.1104335791443,0.3993458221825751,19.209372712298546,BraTS20_Training_325.nii.gz,3,125,9759,17082,0.34019458505839767,19.374157343386756,32,16656,63630,nnUNetTrainerUMambaEnc_150epochs
0.4065908125206553,9.219544457292887,0.8651170688051164,7.615773105863909,0.9686694600794433,1.7320508075688772,BraTS20_Training_327.nii.gz,3,16868,151492,183843,0.7467924471350716,6.189122790241891,4313,131205,183211,nnUNetTrainerUMambaEnc_150epochs
0.6339712918660287,51.06074048023926,0.7436890761897481,12.206555615733702,0.9495427831762006,3.0,BraTS20_Training_328.nii.gz,3,1036,190188,361783,0.7757343837439925,22.089098698657654,1472,215339,357460,nnUNetTrainerUMambaEnc_150epochs
0.0,,0.7809387141341435,7.483314773547883,0.9243558662251352,3.605551275463989,BraTS20_Training_335.nii.gz,3,0,60154,136334,0.5684315267864263,5.544433024505936,620,70855,125180,nnUNetTrainerUMambaEnc_150epochs
0.9279211065762988,1.0,0.9692384554992506,1.4142135623730951,0.9770105248205543,1.0,BraTS20_Training_337.nii.gz,3,28232,49901,111967,0.9580566956320345,1.1380711874576983,25917,48176,113310,nnUNetTrainerUMambaEnc_150epochs
0.6419362135263516,11.090536506409418,0.788521135490269,5.0990195135927845,0.9432370286380307,2.0,BraTS20_Training_344.nii.gz,3,8988,19454,79098,0.7912314592182171,6.063185340000734,4275,12814,78769,nnUNetTrainerUMambaEnc_150epochs
0.9057700799764486,1.4142135623730951,0.9457950751252087,3.0,0.9781316335710883,1.0,BraTS20_Training_348.nii.gz,3,43762,60044,85112,0.9432322628909152,1.804737854124365,37762,54964,84951,nnUNetTrainerUMambaEnc_150epochs
0.9575273791337651,1.0,0.9796676234010134,1.0,0.9675357656818759,1.0,BraTS20_Training_363.nii.gz,3,46541,70428,120394,0.9682435894055514,1.0,46413,70677,115866,nnUNetTrainerUMambaEnc_150epochs
0.9378903888776949,1.0,0.9435301423945349,2.8284271247461903,0.9605607155829279,1.7320508075688772,BraTS20_Training_367.nii.gz,3,19484,21460,126642,0.9473270822850526,1.8534926441050226,20220,23626,123895,nnUNetTrainerUMambaEnc_150epochs
0.8551771585827314,1.0,0.91156271899089,1.0,0.7781228546209422,5.385164807134504,BraTS20_Training_003.nii.gz,3,2998,3731,29807,0.8482875773981878,2.461721602378168,2816,3404,31371,nnUNetTrainerUMambaEncRTHD_StageAwareDecoder_SkipCalibration_150epochs
0.8971688903351773,1.0,0.9332198158888948,11.260466695786967,0.9180192713969186,2.0,BraTS20_Training_007.nii.gz,3,6159,9557,39772,0.9161359925403303,4.753488898595656,6133,9236,37856,nnUNetTrainerUMambaEncRTHD_StageAwareDecoder_SkipCalibration_150epochs
0.8484513552211811,1.0,0.9238127172934719,2.8284271247461903,0.9149053287008813,3.0,BraTS20_Training_014.nii.gz,3,18255,27568,80396,0.8957231337385114,2.2761423749153966,21554,29095,88557,nnUNetTrainerUMambaEncRTHD_StageAwareDecoder_SkipCalibration_150epochs
0.909482164041162,1.0,0.9702027810737665,1.0,0.9253052587305969,2.0,BraTS20_Training_025.nii.gz,3,17433,36909,73437,0.9349967346151751,1.3333333333333333,18814,38098,78729,nnUNetTrainerUMambaEncRTHD_StageAwareDecoder_SkipCalibration_150epochs
0.9197044486004231,1.0,0.9584002705673459,1.0,0.9572089595020679,1.0,BraTS20_Training_033.nii.gz,3,16009,24355,122656,0.9451045595566123,1.0,16608,22953,121554,nnUNetTrainerUMambaEncRTHD_StageAwareDecoder_SkipCalibration_150epochs
0.8779447142662612,1.0,0.950767378874511,1.0,0.9205520558221747,1.7320508075688772,BraTS20_Training_052.nii.gz,3,10897,16886,45951,0.916421382987649,1.2440169358562925,11134,16344,51358,nnUNetTrainerUMambaEncRTHD_StageAwareDecoder_SkipCalibration_150epochs
0.9070266486066934,1.0,0.962071424441575,1.0,0.9555487357027341,1.4142135623730951,BraTS20_Training_062.nii.gz,3,30143,50151,142132,0.9415489362503342,1.1380711874576983,35564,53623,147871,nnUNetTrainerUMambaEncRTHD_StageAwareDecoder_SkipCalibration_150epochs
0.8381917558642679,1.0,0.9296968520495649,1.4142135623730951,0.9484511483233201,1.0,BraTS20_Training_066.nii.gz,3,8665,15461,59246,0.9054465854123843,1.1380711874576983,8899,15448,58099,nnUNetTrainerUMambaEncRTHD_StageAwareDecoder_SkipCalibration_150epochs
0.7464451085350234,1.4142135623730951,0.8592307355708222,3.605551275463989,0.9320839816093561,1.7320508075688772,BraTS20_Training_070.nii.gz,3,12743,35286,57830,0.8459199419050673,2.2506052151353204,17708,33273,56576,nnUNetTrainerUMambaEncRTHD_StageAwareDecoder_SkipCalibration_150epochs
0.6730990121755112,3.7416573867739413,0.8811269225240764,1.4142135623730951,0.8491453661596362,2.449489742783178,BraTS20_Training_079.nii.gz,3,1470,3609,7285,0.8011237669530746,2.535120230643405,2883,3348,5469,nnUNetTrainerUMambaEncRTHD_StageAwareDecoder_SkipCalibration_150epochs
0.850928460457202,1.4142135623730951,0.8480568961137922,3.1622776601683795,0.8990581273355259,2.0,BraTS20_Training_080.nii.gz,3,6688,10560,43464,0.8660144946355067,2.192163740847158,6829,9125,41367,nnUNetTrainerUMambaEncRTHD_StageAwareDecoder_SkipCalibration_150epochs
0.7023786501643783,5.830951894845301,0.8774904096027719,9.057802986468998,0.915361614396308,1.7320508075688772,BraTS20_Training_085.nii.gz,3,3691,7813,36221,0.8317435580544861,5.540268562961058,6651,8349,37020,nnUNetTrainerUMambaEncRTHD_StageAwareDecoder_SkipCalibration_150epochs
0.0,93.66963221877195,0.0,95.09994742374992,0.0,96.0728889958036,BraTS20_Training_087.nii.gz,3,406,7516,26806,0.0,94.94748954610849,2,68,68,nnUNetTrainerUMambaEncRTHD_StageAwareDecoder_SkipCalibration_150epochs
0.8769425413573321,1.0,0.9103929005520817,2.449489742783178,0.9728921808200198,1.0,BraTS20_Training_095.nii.gz,3,18549,33378,103768,0.9200758742431445,1.4831632475943926,23342,34909,106983,nnUNetTrainerUMambaEncRTHD_StageAwareDecoder_SkipCalibration_150epochs
0.9295035132422207,1.0,0.972592398343942,1.0,0.9605019041109266,1.4142135623730951,BraTS20_Training_097.nii.gz,3,37193,61963,79531,0.9541992718990298,1.1380711874576983,40513,63878,84325,nnUNetTrainerUMambaEncRTHD_StageAwareDecoder_SkipCalibration_150epochs
0.8787878787878788,5.656854249492381,0.8448275862068966,6.212456398179303,0.6170585292646323,10.816653826391969,BraTS20_Training_099.nii.gz,3,1238,1238,7513,0.7802246647531359,7.561988158021218,1534,1662,16475,nnUNetTrainerUMambaEncRTHD_StageAwareDecoder_SkipCalibration_150epochs
0.9291733711511714,1.0,0.9702182814387132,1.0,0.9364711578364919,3.7416573867739413,BraTS20_Training_103.nii.gz,3,37271,51228,58208,0.9452876034754588,1.9138857955913138,36063,50613,57456,nnUNetTrainerUMambaEncRTHD_StageAwareDecoder_SkipCalibration_150epochs
0.9059955588452998,1.0,0.9126180836707153,1.0,0.7519346517626827,29.748949561287034,BraTS20_Training_110.nii.gz,3,2786,2872,15762,0.8568494314262326,10.582983187095678,2618,3056,12150,nnUNetTrainerUMambaEncRTHD_StageAwareDecoder_SkipCalibration_150epochs
0.9691556058795161,1.0,0.9873597771097588,1.0,0.9739048668418456,1.0,BraTS20_Training_112.nii.gz,3,48172,68462,170359,0.9768067499437069,1.0,47210,67928,176334,nnUNetTrainerUMambaEncRTHD_StageAwareDecoder_SkipCalibration_150epochs
0.9353533359652586,1.0,0.9701417200543584,1.0,0.9587342709104367,1.0,BraTS20_Training_117.nii.gz,3,9819,12700,78134,0.9547431089766846,1.0,10445,13055,73178,nnUNetTrainerUMambaEncRTHD_StageAwareDecoder_SkipCalibration_150epochs
0.9497466794468027,1.0,0.9723717892135229,1.0,0.9610705596107056,1.0,BraTS20_Training_122.nii.gz,3,3611,5674,16585,0.9610630094236771,1.0,3692,5655,16295,nnUNetTrainerUMambaEncRTHD_StageAwareDecoder_SkipCalibration_150epochs
0.9173621133212022,1.0,0.9241730529099234,2.449489742783178,0.9286401038870229,3.0,BraTS20_Training_126.nii.gz,3,16152,19712,38000,0.9233917567060494,2.1498299142610593,15722,21131,42087,nnUNetTrainerUMambaEncRTHD_StageAwareDecoder_SkipCalibration_150epochs
0.964684476056571,1.0,0.9754464285714286,1.0,0.9633408919123205,1.0,BraTS20_Training_127.nii.gz,3,6204,6360,43568,0.9678239321801068,1.0,5887,6184,41104,nnUNetTrainerUMambaEncRTHD_StageAwareDecoder_SkipCalibration_150epochs
0.9112510607887802,2.23606797749979,0.928386471902117,1.9732050807567902,0.9192657820972404,5.385164807134504,BraTS20_Training_132.nii.gz,3,21250,25664,173928,0.9196344382627125,3.1981459551303613,23528,24927,168913,nnUNetTrainerUMambaEncRTHD_StageAwareDecoder_SkipCalibration_150epochs
0.9092835632226642,1.0,0.9501608250157509,2.0,0.9537479476664139,1.4142135623730951,BraTS20_Training_140.nii.gz,3,26264,46495,137301,0.937730778634943,1.4714045207910318,27530,43976,134341,nnUNetTrainerUMambaEncRTHD_StageAwareDecoder_SkipCalibration_150epochs
0.9295885577468338,1.0,0.9762969768772617,1.0,0.9589677391478123,1.4142135623730951,BraTS20_Training_154.nii.gz,3,32363,62211,94086,0.9549510912573026,1.1380711874576983,31121,61866,91061,nnUNetTrainerUMambaEncRTHD_StageAwareDecoder_SkipCalibration_150epochs
0.9358424447908252,1.0,0.9612102198707894,1.4142135623730951,0.7362331883405829,14.7648230602334,BraTS20_Training_164.nii.gz,3,43375,56563,125370,0.8777619510007325,5.726345540868832,44518,56276,74640,nnUNetTrainerUMambaEncRTHD_StageAwareDecoder_SkipCalibration_150epochs
0.8814846115923657,1.7320508075688772,0.9382878550093656,2.23606797749979,0.9388148628934939,2.449489742783178,BraTS20_Training_168.nii.gz,3,74539,101553,163378,0.9195291098317417,2.1392028426172818,67451,95977,154003,nnUNetTrainerUMambaEncRTHD_StageAwareDecoder_SkipCalibration_150epochs
0.908884553998936,1.0,0.9470452172845066,1.4142135623730951,0.9425204982821491,1.7320508075688772,BraTS20_Training_170.nii.gz,3,13224,25202,99859,0.9328167565218639,1.3820881233139908,14971,23651,89913,nnUNetTrainerUMambaEncRTHD_StageAwareDecoder_SkipCalibration_150epochs
0.765263812584223,2.23606797749979,0.8520091135045568,7.0710678118654755,0.9035970690548442,6.4031242374328485,BraTS20_Training_171.nii.gz,3,16944,70168,146494,0.840289998381208,5.236753342266038,21644,65016,123726,nnUNetTrainerUMambaEncRTHD_StageAwareDecoder_SkipCalibration_150epochs
0.47799475371611777,23.173260452512935,0.4490351872871737,23.108440016582687,0.7393639490676484,21.414944994990172,BraTS20_Training_177.nii.gz,3,1037,1241,12952,0.5554646300236465,22.565548488028597,2394,3164,20190,nnUNetTrainerUMambaEncRTHD_StageAwareDecoder_SkipCalibration_150epochs
0.9488687296066549,1.0,0.963956043956044,1.0,0.929255601409467,2.8284271247461903,BraTS20_Training_184.nii.gz,3,26938,42503,122929,0.947360124990722,1.60947570824873,28840,43947,139014,nnUNetTrainerUMambaEncRTHD_StageAwareDecoder_SkipCalibration_150epochs
0.8740044925464571,1.4142135623730951,0.9436368422592062,1.7320508075688772,0.9608309695018904,3.0,BraTS20_Training_193.nii.gz,3,29915,53790,130288,0.9261574347691846,2.0487547899806575,23952,48777,136581,nnUNetTrainerUMambaEncRTHD_StageAwareDecoder_SkipCalibration_150epochs
0.9317792811150053,1.0,0.9750563044684531,1.0,0.9540082792350775,1.7320508075688772,BraTS20_Training_194.nii.gz,3,38724,77990,99624,0.9536146216061786,1.2440169358562925,34890,75195,93389,nnUNetTrainerUMambaEncRTHD_StageAwareDecoder_SkipCalibration_150epochs
0.8142316343885445,2.0,0.9198859726727612,2.8284271247461903,0.9352953198446761,2.23606797749979,BraTS20_Training_195.nii.gz,3,21184,32325,50735,0.8898043089686606,2.35483170074866,15270,28713,47125,nnUNetTrainerUMambaEncRTHD_StageAwareDecoder_SkipCalibration_150epochs
0.8940424654710369,1.4142135623730951,0.8812506068550344,1.7320508075688772,0.9482127779341402,1.7320508075688772,BraTS20_Training_200.nii.gz,3,4539,4664,44798,0.9078352834200705,1.6261050591702833,5163,5635,47580,nnUNetTrainerUMambaEncRTHD_StageAwareDecoder_SkipCalibration_150epochs
0.8906366698675446,1.7320508075688772,0.9580588574442768,1.0,0.9620003125119772,1.0,BraTS20_Training_201.nii.gz,3,36248,42239,175302,0.9368986132745996,1.2440169358562925,29359,39280,163885,nnUNetTrainerUMambaEncRTHD_StageAwareDecoder_SkipCalibration_150epochs
0.6944063143445436,3.1622776601683795,0.8646778402491946,6.164414002968976,0.939051021381701,5.196152422706632,BraTS20_Training_212.nii.gz,3,27851,100041,184720,0.8327117253251464,4.840948028614663,42085,105742,192612,nnUNetTrainerUMambaEncRTHD_StageAwareDecoder_SkipCalibration_150epochs
0.9119543193958372,1.4142135623730951,0.9155698719077937,3.1622776601683795,0.924734246185075,5.916079783099616,BraTS20_Training_213.nii.gz,3,15114,19273,57168,0.917419479162902,3.4975236685470303,17460,20464,55154,nnUNetTrainerUMambaEncRTHD_StageAwareDecoder_SkipCalibration_150epochs
0.8933290364163713,1.0,0.9289194611636572,2.23606797749979,0.9189928730481156,2.0,BraTS20_Training_215.nii.gz,3,25944,36002,66672,0.9137471235427147,1.74535599249993,23704,33778,76587,nnUNetTrainerUMambaEncRTHD_StageAwareDecoder_SkipCalibration_150epochs
0.938056049822064,1.0,0.9380168741124384,1.4142135623730951,0.9236055916592641,1.4142135623730951,BraTS20_Training_217.nii.gz,3,8813,11879,21984,0.9332261718645889,1.2761423749153968,9171,12063,20794,nnUNetTrainerUMambaEncRTHD_StageAwareDecoder_SkipCalibration_150epochs
0.8658894475303899,1.4142135623730951,0.9389770357311579,2.23606797749979,0.9541187275762689,2.0,BraTS20_Training_218.nii.gz,3,61113,82517,111312,0.9196617369459389,1.8834271799576283,75528,91057,109715,nnUNetTrainerUMambaEncRTHD_StageAwareDecoder_SkipCalibration_150epochs
0.8630676120358192,3.1622776601683795,0.9483521162251166,2.23606797749979,0.9695699209077577,1.0,BraTS20_Training_225.nii.gz,3,111250,120221,206134,0.9269965497228978,2.132781879222723,87191,109953,209836,nnUNetTrainerUMambaEncRTHD_StageAwareDecoder_SkipCalibration_150epochs
0.9064948633118579,1.0,0.849211356466877,2.23606797749979,0.9517165518439182,1.4142135623730951,BraTS20_Training_233.nii.gz,3,2642,2702,16748,0.902474257207551,1.550093846624295,3101,3638,17798,nnUNetTrainerUMambaEncRTHD_StageAwareDecoder_SkipCalibration_150epochs
0.7687921980495124,13.601470508735444,0.8887148117472133,6.782329983125268,0.9381796167369083,2.0,BraTS20_Training_234.nii.gz,3,11994,109824,157749,0.8652288755112113,7.461266830620238,8001,90598,142880,nnUNetTrainerUMambaEncRTHD_StageAwareDecoder_SkipCalibration_150epochs
0.8780229666084564,1.4142135623730951,0.9167066111131595,2.0,0.9578466194154655,3.0,BraTS20_Training_237.nii.gz,3,16998,26485,162397,0.9175253990456937,2.1380711874576983,20796,27757,151528,nnUNetTrainerUMambaEncRTHD_StageAwareDecoder_SkipCalibration_150epochs
0.861382509045122,2.0,0.8987293904099228,4.123105625617661,0.8752273670102435,4.47213595499958,BraTS20_Training_242.nii.gz,3,27478,36247,54958,0.8784464221550962,3.53174719353908,35263,43085,70390,nnUNetTrainerUMambaEncRTHD_StageAwareDecoder_SkipCalibration_150epochs
0.8038015695874433,45.45327270945405,0.8559355935593559,49.56813492557492,0.9472430890668789,1.7320508075688772,BraTS20_Training_243.nii.gz,3,14523,20508,154118,0.8689934174045594,32.25115281419928,13255,19488,147397,nnUNetTrainerUMambaEncRTHD_StageAwareDecoder_SkipCalibration_150epochs
0.7701840157533781,2.449489742783178,0.9389007806597834,2.23606797749979,0.9576634262374819,1.4142135623730951,BraTS20_Training_244.nii.gz,3,26937,62554,149604,0.8889160742168811,2.033257094218688,31971,64518,150562,nnUNetTrainerUMambaEncRTHD_StageAwareDecoder_SkipCalibration_150epochs
0.8286735337397519,2.8284271247461903,0.8796117810552742,4.0,0.9400371177752902,2.8284271247461903,BraTS20_Training_246.nii.gz,3,26417,49349,70781,0.8827741441901055,3.21895141649746,21153,39879,65003,nnUNetTrainerUMambaEncRTHD_StageAwareDecoder_SkipCalibration_150epochs
0.8547200778068202,2.449489742783178,0.8241963746668434,4.123105625617661,0.886612007944187,3.7416573867739413,BraTS20_Training_260.nii.gz,3,17858,39137,49924,0.8551761534726169,3.4380842517249266,15044,28774,48261,nnUNetTrainerUMambaEncRTHD_StageAwareDecoder_SkipCalibration_150epochs
0.0,,0.9528574352443545,1.4142135623730951,0.946031195293895,1.4142135623730951,BraTS20_Training_265.nii.gz,3,0,43406,61746,0.6329628768460832,1.4142135623730951,159,44540,65068,nnUNetTrainerUMambaEncRTHD_StageAwareDecoder_SkipCalibration_150epochs
0.0,,0.8230324180365507,4.58257569495584,0.9443066080996283,1.7320508075688772,BraTS20_Training_266.nii.gz,3,0,28736,53274,0.5891130087120596,3.1573132512623587,724,25709,50311,nnUNetTrainerUMambaEncRTHD_StageAwareDecoder_SkipCalibration_150epochs
0.7204953964448354,7.211102550927978,0.6065331719828603,15.066519173319364,0.8752750878682253,11.180339887498949,BraTS20_Training_274.nii.gz,3,89546,182844,190251,0.734101218765307,11.152653870582096,51432,79938,153730,nnUNetTrainerUMambaEncRTHD_StageAwareDecoder_SkipCalibration_150epochs
0.0,,0.00964630225080386,41.24318125460256,0.8870918841074034,5.0,BraTS20_Training_278.nii.gz,3,0,59424,107864,0.29891272878606906,23.12159062730128,17,288,103228,nnUNetTrainerUMambaEncRTHD_StageAwareDecoder_SkipCalibration_150epochs
0.801980198019802,2.23606797749979,0.6143046763324485,10.198039027185569,0.9659691541947784,1.7320508075688772,BraTS20_Training_282.nii.gz,3,6642,12609,85121,0.7940846761823429,4.7220526040847455,9922,26567,90073,nnUNetTrainerUMambaEncRTHD_StageAwareDecoder_SkipCalibration_150epochs
0.0,,0.651343897030988,9.433981132056603,0.9686681964873165,2.0,BraTS20_Training_289.nii.gz,3,0,42264,191547,0.5400040311727682,5.716990566028302,2236,87173,192376,nnUNetTrainerUMambaEncRTHD_StageAwareDecoder_SkipCalibration_150epochs
0.08536585365853659,24.406961828833477,0.7212354823268586,9.0,0.9598567959032992,1.4142135623730951,BraTS20_Training_291.nii.gz,3,126,57282,218263,0.5888193772962315,11.607058463735525,38,101490,202954,nnUNetTrainerUMambaEncRTHD_StageAwareDecoder_SkipCalibration_150epochs
0.56452802359882,13.601470508735444,0.8844457022990994,3.0,0.9482665324356635,2.23606797749979,BraTS20_Training_292.nii.gz,3,3815,53829,77020,0.7990800861111943,6.279179495411745,1609,66305,81910,nnUNetTrainerUMambaEncRTHD_StageAwareDecoder_SkipCalibration_150epochs
0.3015463917525773,15.615693039259297,0.9172741846469212,3.0,0.9514761828679014,2.0,BraTS20_Training_299.nii.gz,3,659,87769,111018,0.7234322530891333,6.871897679753099,117,102486,120559,nnUNetTrainerUMambaEncRTHD_StageAwareDecoder_SkipCalibration_150epochs
0.0,,0.7677478927161687,18.466185312619388,0.9231082320568677,4.47213595499958,BraTS20_Training_306.nii.gz,3,0,97103,180724,0.5636187082576788,11.469160633809484,91,88088,168156,nnUNetTrainerUMambaEncRTHD_StageAwareDecoder_SkipCalibration_150epochs
0.8662374821173104,7.810249675906654,0.8239296852849447,7.810249675906654,0.8120059861307253,5.656854249492381,BraTS20_Training_314.nii.gz,3,2810,3497,27311,0.8340577178443268,7.09245120043523,2782,3557,20132,nnUNetTrainerUMambaEncRTHD_StageAwareDecoder_SkipCalibration_150epochs
0.6375,1.0,0.9157498729028978,1.7320508075688772,0.9726462832299907,1.0,BraTS20_Training_315.nii.gz,3,109,22547,34226,0.8419653853776294,1.2440169358562925,51,26628,35929,nnUNetTrainerUMambaEncRTHD_StageAwareDecoder_SkipCalibration_150epochs
0.28620689655172415,13.641842960405,0.9068947328262001,4.47213595499958,0.9541284839727746,3.1622776601683795,BraTS20_Training_318.nii.gz,3,1855,159875,212186,0.7157433711168997,7.092085525190987,465,141558,208598,nnUNetTrainerUMambaEncRTHD_StageAwareDecoder_SkipCalibration_150epochs
0.0,,0.8397355017575545,9.486832980505138,0.9158419009663274,4.358898943540674,BraTS20_Training_323.nii.gz,3,4674,104710,232098,0.5851924675746273,6.922865962022906,0,132267,221061,nnUNetTrainerUMambaEncRTHD_StageAwareDecoder_SkipCalibration_150epochs
0.0,,0.48102012235571606,10.677078252031311,0.44420801770363433,18.57417562100671,BraTS20_Training_325.nii.gz,3,125,9759,17082,0.30840938001978346,14.62562693651901,0,3808,53412,nnUNetTrainerUMambaEncRTHD_StageAwareDecoder_SkipCalibration_150epochs
0.40166729821902236,9.16515138991168,0.918564912956896,6.4031242374328485,0.9481196500995694,4.123105625617661,BraTS20_Training_327.nii.gz,3,16868,151492,183843,0.7561172870918292,6.563793750987396,4244,159848,199809,nnUNetTrainerUMambaEncRTHD_StageAwareDecoder_SkipCalibration_150epochs
0.6136470588235294,51.85556864985669,0.7389992373246675,15.620499351813308,0.951985539251681,3.0,BraTS20_Training_328.nii.gz,3,1036,190188,361783,0.7682106117999593,23.492022667223335,1089,232010,366810,nnUNetTrainerUMambaEncRTHD_StageAwareDecoder_SkipCalibration_150epochs
0.0,,0.7775491971903712,7.0,0.9197987843865312,4.123105625617661,BraTS20_Training_335.nii.gz,3,0,60154,136334,0.5657826605256341,5.561552812808831,278,61855,123288,nnUNetTrainerUMambaEncRTHD_StageAwareDecoder_SkipCalibration_150epochs
0.9450277499772541,1.0,0.9793984217918018,1.0,0.9810075347157358,1.0,BraTS20_Training_337.nii.gz,3,28232,49901,111967,0.9684779021615972,1.0,26723,49072,112859,nnUNetTrainerUMambaEncRTHD_StageAwareDecoder_SkipCalibration_150epochs
0.6791521486643438,12.24744871391589,0.6237371953373366,11.0,0.9149695681256746,2.8284271247461903,BraTS20_Training_344.nii.gz,3,8988,19454,79098,0.7392863040424517,8.69195861288736,4788,8856,71895,nnUNetTrainerUMambaEncRTHD_StageAwareDecoder_SkipCalibration_150epochs
0.9099946001669039,1.4142135623730951,0.9516492273577715,2.449489742783178,0.9788611782371021,1.0,BraTS20_Training_348.nii.gz,3,43762,60044,85112,0.9468350019205924,1.621234435052091,37722,55404,85380,nnUNetTrainerUMambaEncRTHD_StageAwareDecoder_SkipCalibration_150epochs
0.9575443406734642,1.0,0.9802599356904054,1.0,0.9699290660361426,1.0,BraTS20_Training_363.nii.gz,3,46541,70428,120394,0.9692444474666707,1.0,46827,70453,116446,nnUNetTrainerUMambaEncRTHD_StageAwareDecoder_SkipCalibration_150epochs
0.9444194081418056,1.0,0.9439723844928306,2.449489742783178,0.9683580220339315,1.0,BraTS20_Training_367.nii.gz,3,19484,21460,126642,0.9522499382228559,1.4831632475943926,20458,23732,128873,nnUNetTrainerUMambaEncRTHD_StageAwareDecoder_SkipCalibration_150epochs
